<?xml version="1.0"?>
<!--<!DOCTYPE metadata SYSTEM "http://www.esri.com/metadata/esriprof80.dtd">-->
<metadata xml:lang="en"><Esri><CreaDate>20151005</CreaDate><CreaTime>16243500</CreaTime><SyncOnce>TRUE</SyncOnce><DataProperties><lineage><Process ToolSource="D:\ArcGIS\ArcToolbox\Toolboxes\Data Management Tools.tbx\DeleteFeatures" Date="20121105" Time="175012">DeleteFeatures "Database Connections\gdm@pdn4.sde\GDM.LTALayers\GDM.Gantry" "Database Connections\gdm@pdn4.sde\GDM.LTALayers\GDM.Gantry"</Process><Process ToolSource="D:\ArcGIS\ArcToolbox\Toolboxes\Data Management Tools.tbx\AddField" Date="20140801" Time="195402">AddField D:\Data\GDMPDN4.sde\GDM.LTALayers\GDM.Gantry REMARKS TEXT # # 200 Remarks NULLABLE NON_REQUIRED # D:\Data\GDMPDN4.sde\GDM.LTALayers\GDM.Gantry</Process></lineage></DataProperties><MetaID>{CF69BA66-1EEF-4BB3-BD3E-175ED425F7DD}</MetaID></Esri><idinfo><citation><citeinfo><onlink Sync="TRUE"></onlink></citeinfo></citation></idinfo><distInfo><distributor><distorTran><onLineSrc><linkage Sync="TRUE">file://</linkage><protocol Sync="TRUE">Local Area Network</protocol></onLineSrc></distorTran></distributor></distInfo><dataqual><lineage><procstep><procdesc Sync="TRUE">Dataset copied.</procdesc><srcused Sync="TRUE">Server=HUPA19; Service=5181; User=GDM; Version=SDE.DEFAULT</srcused><procdate Sync="TRUE">20151005</procdate><proctime Sync="TRUE">16243500</proctime></procstep></lineage></dataqual></metadata>
