<?xml version="1.0"?>
<!--<!DOCTYPE metadata SYSTEM "http://www.esri.com/metadata/esriprof80.dtd">-->
<metadata xml:lang="en"><Esri><CreaDate>20151005</CreaDate><CreaTime>16310900</CreaTime><SyncOnce>FALSE</SyncOnce><SyncDate>20140312</SyncDate><SyncTime>14543200</SyncTime><ModDate>20140312</ModDate><ModTime>14543200</ModTime><DataProperties><lineage><Process ToolSource="D:\ArcInfo\ArcGIS\ArcToolbox\Toolboxes\Data Management Tools.tbx\DeleteFeatures" Date="20110320" Time="190248">DeleteFeatures "Database Connections\GDM ArcSDE PDN4.sde\GDM.LTALayers\GDM.RoadSectionLine" "Database Connections\GDM ArcSDE PDN4.sde\GDM.LTALayers\GDM.RoadSectionLine"</Process><Process ToolSource="D:\ArcInfo\ArcGIS\ArcToolbox\Toolboxes\Data Management Tools.tbx\Append" Date="20110320" Time="194741">Append 'Database Connections\GDM ArcSDE PDN4.sde\GDM.LTALayers\GDM.ROADSECTIONLINETEMP' "Road Section Line" NO_TEST "JOB_NUM 'Job No' true false false 20 Text 0 0 ,First,#,Database Connections\GDM ArcSDE PDN4.sde\GDM.LTALayers\GDM.ROADSECTIONLINETEMP,JOB_NUM,-1,-1;RD_CD 'Road Code' true false false 6 Text 0 0 ,First,#,Database Connections\GDM ArcSDE PDN4.sde\GDM.LTALayers\GDM.ROADSECTIONLINETEMP,RD_CD,-1,-1;RD_NAM 'Road Name' true false false 150 Text 0 0 ,First,#,Database Connections\GDM ArcSDE PDN4.sde\GDM.LTALayers\GDM.ROADSECTIONLINETEMP,RD_NAM,-1,-1;RD_CATG_NAM 'Road Category' true false false 20 Text 0 0 ,First,#,Database Connections\GDM ArcSDE PDN4.sde\GDM.LTALayers\GDM.ROADSECTIONLINETEMP,RD_CATG_NAM,-1,-1;EXCEPTION_IND 'Exception Indicator' true true false 1 Text 0 0 ,First,#,Database Connections\GDM ArcSDE PDN4.sde\GDM.LTALayers\GDM.ROADSECTIONLINETEMP,EXCEPTION_IND,-1,-1;LAST_UPD_USRID_NUM 'Last Update User ID' true false false 8 Text 0 0 ,First,#,Database Connections\GDM ArcSDE PDN4.sde\GDM.LTALayers\GDM.ROADSECTIONLINETEMP,LAST_UPD_USRID_NUM,-1,-1;LAST_UPD_DTTM 'Last Update Date' true false false 36 Date 0 0 ,First,#,Database Connections\GDM ArcSDE PDN4.sde\GDM.LTALayers\GDM.ROADSECTIONLINETEMP,LAST_UPD_DTTM,-1,-1;CRT_USRID_NUM 'Create User ID' true false false 8 Text 0 0 ,First,#,Database Connections\GDM ArcSDE PDN4.sde\GDM.LTALayers\GDM.ROADSECTIONLINETEMP,CRT_USRID_NUM,-1,-1;CRT_DTTM 'Create Date' true false false 36 Date 0 0 ,First,#,Database Connections\GDM ArcSDE PDN4.sde\GDM.LTALayers\GDM.ROADSECTIONLINETEMP,CRT_DTTM,-1,-1;PKG_REF 'PKG_REF' true true false 50 Text 0 0 ,First,#;SHAPE.LEN 'SHAPE.LEN' false false true 0 Double 0 0 ,First,#,Database Connections\GDM ArcSDE PDN4.sde\GDM.LTALayers\GDM.ROADSECTIONLINETEMP,SHAPE.LEN,-1,-1" # "Road Section Line"</Process><Process ToolSource="D:\ArcGIS\ArcToolbox\Toolboxes\Conversion Tools.tbx\FeatureClassToFeatureClass" Date="20110514" Time="133836">FeatureClassToFeatureClass "Database Connections\PDN4 GDM.sde\GDM.ROADSECTION\GDM.RoadSectionLine" "Database Connections\PDN4 GDM.sde\GDM.LTALayers" RoadSectionLine1 # "JOB_NUM 'Job No' true false false 20 Text 0 0 ,First,#,Database Connections\PDN4 GDM.sde\GDM.ROADSECTION\GDM.RoadSectionLine,JOB_NUM,-1,-1;RD_CD 'Road Code' true false false 6 Text 0 0 ,First,#,Database Connections\PDN4 GDM.sde\GDM.ROADSECTION\GDM.RoadSectionLine,RD_CD,-1,-1;RD_CATG_NAM 'Road Category' true false false 20 Text 0 0 ,First,#,Database Connections\PDN4 GDM.sde\GDM.ROADSECTION\GDM.RoadSectionLine,RD_CATG_NAM,-1,-1;EXCEPTION_IND 'Exception Indicator' true true false 1 Text 0 0 ,First,#,Database Connections\PDN4 GDM.sde\GDM.ROADSECTION\GDM.RoadSectionLine,EXCEPTION_IND,-1,-1;LAST_UPD_USRID_NUM 'Last Update User ID' true false false 8 Text 0 0 ,First,#,Database Connections\PDN4 GDM.sde\GDM.ROADSECTION\GDM.RoadSectionLine,LAST_UPD_USRID_NUM,-1,-1;LAST_UPD_DTTM 'Last Update Date' true false false 36 Date 0 0 ,First,#,Database Connections\PDN4 GDM.sde\GDM.ROADSECTION\GDM.RoadSectionLine,LAST_UPD_DTTM,-1,-1;CRT_USRID_NUM 'Create User ID' true false false 8 Text 0 0 ,First,#,Database Connections\PDN4 GDM.sde\GDM.ROADSECTION\GDM.RoadSectionLine,CRT_USRID_NUM,-1,-1;CRT_DTTM 'Create Date' true false false 36 Date 0 0 ,First,#,Database Connections\PDN4 GDM.sde\GDM.ROADSECTION\GDM.RoadSectionLine,CRT_DTTM,-1,-1;PKG_REF 'PKG_REF' true true false 50 Text 0 0 ,First,#,Database Connections\PDN4 GDM.sde\GDM.ROADSECTION\GDM.RoadSectionLine,PKG_REF,-1,-1;SHAPE_LEN 'SHAPE_LEN' false false true 0 Double 0 0 ,First,#,Database Connections\PDN4 GDM.sde\GDM.ROADSECTION\GDM.RoadSectionLine,SHAPE.LEN,-1,-1" # "Database Connections\PDN4 GDM.sde\GDM.LTALayers\GDM.RoadSectionLine1"</Process><Process ToolSource="D:\ArcGIS\ArcToolbox\Toolboxes\Data Management Tools.tbx\DeleteFeatures" Date="20121105" Time="171109">DeleteFeatures "Database Connections\gdm@pdn4.sde\GDM.LTALayers\GDM.RoadSectionLine" "Database Connections\gdm@pdn4.sde\GDM.LTALayers\GDM.RoadSectionLine"</Process><Process ToolSource="D:\ArcGIS\ArcToolbox\Toolboxes\Data Management Tools.tbx\AddField" Date="20140801" Time="195624">AddField D:\Data\GDMPDN4.sde\GDM.LTALayers\GDM.RoadSectionLine REMARKS TEXT # # 200 Remarks NULLABLE NON_REQUIRED # D:\Data\GDMPDN4.sde\GDM.LTALayers\GDM.RoadSectionLine</Process></lineage></DataProperties><MetaID>{81CF5AC5-56DC-4415-B04E-69C7DD1CE044}</MetaID></Esri><idinfo><native Sync="TRUE">Microsoft Windows Vista Version 6.1 (Build 7601) Service Pack 1; ESRI ArcCatalog 9.3.1.3000</native><descript><langdata Sync="TRUE">en</langdata><abstract>Road Network lines with information on road names, road category and road code
</abstract><purpose>Safeguarding Road Reserve</purpose></descript><citation><citeinfo><origin>Land Transport Authority</origin><pubdate>31 Mar 1999</pubdate><title>RoadSectionLine</title><ftname Sync="TRUE">GDM.RoadSectionLine</ftname><geoform Sync="TRUE">vector digital data</geoform><onlink Sync="TRUE"></onlink></citeinfo></citation><timeperd><current>ground condition</current><timeinfo><sngdate><caldate>unknown</caldate></sngdate></timeinfo></timeperd><status><progress>Complete</progress><update>Continually</update></status><spdom><bounding><westbc Sync="TRUE">103.614293</westbc><eastbc Sync="TRUE">104.026198</eastbc><northbc Sync="TRUE">1.469686</northbc><southbc Sync="TRUE">1.230475</southbc></bounding><lboundng><leftbc Sync="TRUE">3626.117971</leftbc><rightbc Sync="TRUE">49464.271498</rightbc><bottombc Sync="TRUE">23686.159796</bottombc><topbc Sync="TRUE">50135.949208</topbc></lboundng></spdom><keywords><theme><themekt>NA</themekt><themekey>Road Inventory, Road Furniture, Road Elements</themekey></theme></keywords><accconst>on need basis</accconst><useconst>The data is for internal use only</useconst><natvform Sync="TRUE">SDE Feature Class</natvform><ptcontac><cntinfo><cntperp><cntper>Jamaludeen Bin Sheik Noordin</cntper><cntorg>Land Transport Authority</cntorg></cntperp><cntpos>Engineer</cntpos><cntaddr><addrtype>mailing address</addrtype><address>251 North Bridge Road Singapore 179102 </address></cntaddr><cntvoice>63328915</cntvoice></cntinfo></ptcontac></idinfo><dataIdInfo><envirDesc Sync="TRUE">Microsoft Windows Vista Version 6.1 (Build 7601) Service Pack 1; ESRI ArcCatalog 9.3.1.3000</envirDesc><dataLang><languageCode Sync="TRUE" value="en"></languageCode></dataLang><idCitation><resTitle Sync="TRUE">GDM.RoadSectionLine</resTitle><presForm><PresFormCd Sync="TRUE" value="005"></PresFormCd></presForm></idCitation><spatRpType><SpatRepTypCd Sync="TRUE" value="001"></SpatRepTypCd></spatRpType><dataExt><geoEle><GeoBndBox esriExtentType="native"><westBL Sync="TRUE">3626.117971</westBL><eastBL Sync="TRUE">49464.271498</eastBL><northBL Sync="TRUE">50135.949208</northBL><southBL Sync="TRUE">23686.159796</southBL><exTypeCode Sync="TRUE">1</exTypeCode></GeoBndBox></geoEle></dataExt><geoBox esriExtentType="decdegrees"><westBL Sync="TRUE">103.614293</westBL><eastBL Sync="TRUE">104.026198</eastBL><northBL Sync="TRUE">1.469686</northBL><southBL Sync="TRUE">1.230475</southBL><exTypeCode Sync="TRUE">1</exTypeCode></geoBox></dataIdInfo><metainfo><langmeta Sync="TRUE">en</langmeta><metstdn Sync="TRUE">FGDC Content Standards for Digital Geospatial Metadata</metstdn><metstdv Sync="TRUE">FGDC-STD-001-1998</metstdv><mettc Sync="TRUE">local time</mettc><metc><cntinfo><cntaddr><addrtype>mailing address</addrtype><city>REQUIRED: The city of the address.</city><state>REQUIRED: The state or province of the address.</state><postal>REQUIRED: The ZIP or other postal code of the address.</postal><address>251 North Bridge Road Singapore 179102 </address></cntaddr><cntvoice>63328915</cntvoice><cntperp><cntper>Jamaludeen Bin Sheik Noordin</cntper><cntorg>Land Transport Authority</cntorg></cntperp><cntpos>Engineer</cntpos></cntinfo></metc><metd Sync="TRUE">20140312</metd><metextns><onlink Sync="TRUE">http://www.esri.com/metadata/esriprof80.html</onlink><metprof Sync="TRUE">ESRI Metadata Profile</metprof></metextns></metainfo><mdLang><languageCode Sync="TRUE" value="en"></languageCode></mdLang><mdStanName Sync="TRUE">ISO 19115 Geographic Information - Metadata</mdStanName><mdStanVer Sync="TRUE">DIS_ESRI1.0</mdStanVer><mdChar><CharSetCd Sync="TRUE" value="004"></CharSetCd></mdChar><mdHrLv><ScopeCd Sync="TRUE" value="005"></ScopeCd></mdHrLv><mdHrLvName Sync="TRUE">dataset</mdHrLvName><distinfo><resdesc Sync="TRUE">Downloadable Data</resdesc></distinfo><distInfo><distributor><distorTran><onLineSrc><orDesc Sync="TRUE">002</orDesc><linkage Sync="TRUE">file://</linkage><protocol Sync="TRUE">Local Area Network</protocol></onLineSrc></distorTran><distorFormat><formatName Sync="TRUE">SDE Feature Class</formatName></distorFormat></distributor></distInfo><spdoinfo><direct Sync="TRUE">Vector</direct><ptvctinf><esriterm Name="GDM.RoadSectionLine"><efeatyp Sync="TRUE">Simple</efeatyp><efeageom Sync="TRUE">Polyline</efeageom><esritopo Sync="TRUE">TRUE</esritopo><efeacnt Sync="TRUE">15424</efeacnt><spindex Sync="TRUE">TRUE</spindex><linrefer Sync="TRUE">FALSE</linrefer><XYRank Sync="TRUE">1</XYRank><ZRank Sync="TRUE">1</ZRank><topoWeight Sync="TRUE">5.000000</topoWeight><validateEvents Sync="TRUE">FALSE</validateEvents><partTopoRules><topoRuleID Sync="TRUE">86</topoRuleID></partTopoRules><partTopoRules><topoRuleID Sync="TRUE">84</topoRuleID></partTopoRules><partTopoRules><topoRuleID Sync="TRUE">85</topoRuleID></partTopoRules></esriterm><sdtsterm Name="GDM.RoadSectionLine"><sdtstype Sync="TRUE">String</sdtstype><ptvctcnt Sync="TRUE">15424</ptvctcnt></sdtsterm></ptvctinf></spdoinfo><spref><horizsys><cordsysn><geogcsn Sync="TRUE">GCS_WGS_1984</geogcsn><projcsn Sync="TRUE">SVY21</projcsn></cordsysn><planar><planci><plance Sync="TRUE">coordinate pair</plance><plandu Sync="TRUE">meters</plandu><coordrep><absres Sync="TRUE">0.000007</absres><ordres Sync="TRUE">0.000007</ordres></coordrep></planci><mapproj><mapprojn Sync="TRUE">Transverse Mercator</mapprojn><transmer><sfctrmer Sync="TRUE">1.000000</sfctrmer><longcm Sync="TRUE">103.833333</longcm><latprjo Sync="TRUE">1.366667</latprjo><feast Sync="TRUE">28001.642000</feast><fnorth Sync="TRUE">38744.572000</fnorth></transmer></mapproj></planar><geodetic><horizdn Sync="TRUE">D_WGS_1984</horizdn><ellips Sync="TRUE">WGS_1984</ellips><semiaxis Sync="TRUE">6378137.000000</semiaxis><denflat Sync="TRUE">298.257224</denflat></geodetic></horizsys><vertdef><altsys><altenc Sync="TRUE">Explicit elevation coordinate included with horizontal coordinates</altenc><altres Sync="TRUE">1.000000</altres></altsys></vertdef></spref><refSysInfo><RefSystem><refSysID><identCode Sync="TRUE">SVY21</identCode></refSysID></RefSystem></refSysInfo><spatRepInfo><VectSpatRep><topLvl><TopoLevCd Sync="TRUE" value="001"></TopoLevCd></topLvl><geometObjs Name="GDM.RoadSectionLine"><geoObjTyp><GeoObjTypCd Sync="TRUE" value="001"></GeoObjTypCd></geoObjTyp><geoObjCnt Sync="TRUE">15424</geoObjCnt></geometObjs></VectSpatRep></spatRepInfo><eainfo><detailed Name="GDM.RoadSectionLine"><enttyp><enttypl>RoadSectionLine</enttypl><enttypt Sync="TRUE">Feature Class</enttypt><enttypc Sync="TRUE">15424</enttypc></enttyp><attr><attrlabl Sync="TRUE">OBJECTID</attrlabl><attalias Sync="TRUE">Object ID</attalias><attrtype Sync="TRUE">OID</attrtype><attwidth Sync="TRUE">4</attwidth><atprecis Sync="TRUE">10</atprecis><attscale Sync="TRUE">0</attscale><attrdef Sync="TRUE">Internal feature number.</attrdef><attrdefs Sync="TRUE">ESRI</attrdefs><attrdomv><udom Sync="TRUE">Sequential unique whole numbers that are automatically generated.</udom></attrdomv></attr><attr><attrlabl Sync="TRUE">JOB_NUM</attrlabl><attalias Sync="TRUE">Job ID</attalias><attrtype Sync="TRUE">String</attrtype><attwidth Sync="TRUE">20</attwidth><atprecis Sync="TRUE">0</atprecis><attscale Sync="TRUE">0</attscale></attr><attr><attrlabl Sync="TRUE">RD_CD</attrlabl><attalias Sync="TRUE">Road Code-Name</attalias><attrtype Sync="TRUE">String</attrtype><attwidth Sync="TRUE">6</attwidth><atprecis Sync="TRUE">0</atprecis><attscale Sync="TRUE">0</attscale></attr><attr><attrlabl Sync="TRUE">RD_CATG_NAM</attrlabl><attalias Sync="TRUE">Road Category</attalias><attrtype Sync="TRUE">String</attrtype><attwidth Sync="TRUE">20</attwidth><atprecis Sync="TRUE">0</atprecis><attscale Sync="TRUE">0</attscale></attr><attr><attrlabl Sync="TRUE">EXCEPTION_IND</attrlabl><attalias Sync="TRUE">Exception Indicator</attalias><attrtype Sync="TRUE">String</attrtype><attwidth Sync="TRUE">1</attwidth><atprecis Sync="TRUE">0</atprecis><attscale Sync="TRUE">0</attscale></attr><attr><attrlabl Sync="TRUE">LAST_UPD_USRID_NUM</attrlabl><attalias Sync="TRUE">Last Update User ID</attalias><attrtype Sync="TRUE">String</attrtype><attwidth Sync="TRUE">8</attwidth><atprecis Sync="TRUE">0</atprecis><attscale Sync="TRUE">0</attscale></attr><attr><attrlabl Sync="TRUE">LAST_UPD_DTTM</attrlabl><attalias Sync="TRUE">Last Update Date</attalias><attrtype Sync="TRUE">Date</attrtype><attwidth Sync="TRUE">36</attwidth><atprecis Sync="TRUE">0</atprecis><attscale Sync="TRUE">0</attscale></attr><attr><attrlabl Sync="TRUE">CRT_USRID_NUM</attrlabl><attalias Sync="TRUE">Create User ID</attalias><attrtype Sync="TRUE">String</attrtype><attwidth Sync="TRUE">8</attwidth><atprecis Sync="TRUE">0</atprecis><attscale Sync="TRUE">0</attscale></attr><attr><attrlabl Sync="TRUE">CRT_DTTM</attrlabl><attalias Sync="TRUE">Create Date</attalias><attrtype Sync="TRUE">Date</attrtype><attwidth Sync="TRUE">36</attwidth><atprecis Sync="TRUE">0</atprecis><attscale Sync="TRUE">0</attscale></attr><attr><attrlabl Sync="TRUE">PKG_REF</attrlabl><attalias Sync="TRUE">Attachment Folder</attalias><attrtype Sync="TRUE">String</attrtype><attwidth Sync="TRUE">50</attwidth><atprecis Sync="TRUE">0</atprecis><attscale Sync="TRUE">0</attscale></attr><attr><attrlabl>Shape</attrlabl><attalias Sync="TRUE">Shape</attalias><attrtype Sync="TRUE">Geometry</attrtype><attwidth Sync="TRUE">4</attwidth><atprecis Sync="TRUE">0</atprecis><attscale Sync="TRUE">0</attscale><attrdef Sync="TRUE">Feature geometry.</attrdef><attrdefs Sync="TRUE">ESRI</attrdefs><attrdomv><udom Sync="TRUE">Coordinates defining the features.</udom></attrdomv></attr><attr><attrlabl Sync="TRUE">SHAPE.LEN</attrlabl><attalias Sync="TRUE">SHAPE.LEN</attalias><attrtype Sync="TRUE">Double</attrtype><attwidth Sync="TRUE">0</attwidth><atprecis Sync="TRUE">0</atprecis><attscale Sync="TRUE">0</attscale></attr></detailed></eainfo><mdDateSt Sync="TRUE">20140312</mdDateSt><dataqual><attracc><qattracc><attraccv>Mandatory fields are complete</attraccv></qattracc></attracc><posacc><horizpa><qhorizpa><horizpav>NA</horizpav><horizpae>Indicative locations</horizpae></qhorizpa></horizpa><vertacc><qvertpa><vertaccv>NA</vertaccv><vertacce>NA</vertacce></qvertpa></vertacc></posacc><lineage><procstep><procdesc Sync="TRUE">Dataset copied.</procdesc><srcused Sync="TRUE">Server=rimsus3; Service=5151; User=gdm_temp; Version=SDE.DEFAULT</srcused><procdate Sync="TRUE">20110310</procdate><proctime Sync="TRUE">19275600</proctime></procstep><procstep><procdesc Sync="TRUE">Dataset copied.</procdesc><srcused Sync="TRUE">Server=HUPA19; Service=5181; User=GDM; Version=SDE.DEFAULT</srcused><procdate Sync="TRUE">20151005</procdate><proctime Sync="TRUE">16310900</proctime></procstep></lineage></dataqual></metadata>
