<?xml version="1.0"?>
<!--<!DOCTYPE metadata SYSTEM "http://www.esri.com/metadata/esriprof80.dtd">-->
<metadata xml:lang="en"><Esri><CreaDate>20151014</CreaDate><CreaTime>08475200</CreaTime><SyncOnce>TRUE</SyncOnce><DataProperties><lineage><Process ToolSource="D:\ArcGIS\ArcToolbox\Toolboxes\Data Management Tools.tbx\DeleteFeatures" Date="20121105" Time="182850">DeleteFeatures "Database Connections\gdm@pdn4.sde\GDM.LTALayers\GDM.RoadHump" "Database Connections\gdm@pdn4.sde\GDM.LTALayers\GDM.RoadHump"</Process><Process ToolSource="D:\ArcGIS\ArcToolbox\Toolboxes\Data Management Tools.tbx\AddField" Date="20140801" Time="195616">AddField D:\Data\GDMPDN4.sde\GDM.LTALayers\GDM.RoadHump REMARKS TEXT # # 200 Remarks NULLABLE NON_REQUIRED # D:\Data\GDMPDN4.sde\GDM.LTALayers\GDM.RoadHump</Process><Process ToolSource="D:\ArcGIS\ArcToolbox\Toolboxes\Data Management Tools.tbx\DeleteFeatures" Date="20140804" Time="104530">DeleteFeatures "D:\DATA\Connection to GDM PDN4.sde\GDM.LTALayers\GDM.RoadHump" "D:\DATA\Connection to GDM PDN4.sde\GDM.LTALayers\GDM.RoadHump"</Process></lineage></DataProperties><MetaID>{55E01C47-2D3D-45F3-8304-3A7CBA105574}</MetaID></Esri><idinfo><citation><citeinfo><onlink Sync="TRUE"></onlink></citeinfo></citation></idinfo><distInfo><distributor><distorTran><onLineSrc><linkage Sync="TRUE">file://</linkage><protocol Sync="TRUE">Local Area Network</protocol></onLineSrc></distorTran></distributor></distInfo><dataqual><lineage><procstep><procdesc Sync="TRUE">Dataset copied.</procdesc><srcused Sync="TRUE">Server=HUPA19; Service=5181; User=GDM; Version=SDE.DEFAULT</srcused><procdate Sync="TRUE">20151014</procdate><proctime Sync="TRUE">08475200</proctime></procstep></lineage></dataqual></metadata>
