SR_NUM,LOC_TXT,CARPARK_CD,OWNR_TXT,REGION_TXT,LONGTD_TXT,LATTD_TXT
"1","Blk 31A Eunos Crescent","ECM","HDB","East","103.90161000000000","1.32000000000000"
"2","Blk 11A Pine Close","KM3","HDB","East","103.88296000000000","1.30852000000000"
"3","Blk 531/536 Pasir Ris Drive 1","PR3","RCS","East","103.95114000000000","1.37138100000000"
"4","Blk 114A Lorong 3 Geylang","SDM","HDB","East","103.87444100000000","1.31242800000000"
"5","Blk 248 Simei Street 3","SIM4","RCS","East","103.95354100000000","1.34359400000000"
"6","Kallang Car Park 1","K0079","TP","East","103.88196837231757","1.30463560412542"
"7","Blk 43-45 Chai Chee Street","CC10","HDB","East","103.92537500000000","1.32847900000000"
"8","Blk 842A Tampines Street 82","TM17","HDB","East","103.93797600000000","1.35126000000000"
"9","Ang Mo Kio Avenue 9 (Yio Chu Kang Sports Complex)","Y5","URA","North","103.84576500000000","1.38277000000000"
"10","Blk 800-812 Yishun Ring Road","Y25","HDB","North","103.83216000000000","1.41771600000000"
"11","Blk 305 Woodlands Street 31","W30","HDB","North","103.77410000000000","1.43035900000000"
"12","Blk 339 Sembawang Close","SB16","HDB","North","103.81761100000000","1.44824200000000"
"13","Blk 678A Woodlands Avenue 6","W94","HDB","North","103.80156000000000","1.44044000000000"
"14","Blk 320 Shunfu Road","SH2","HDB","North","103.83702000000000","1.35201000000000"
"15","Blk 892C Woodlands Drive 50","W57","HDB","North","103.78935600000000","1.43682100000000"
"16","Blk 156A Lorong 1 Toa Payoh","TPMB","HDB","North","103.84530300000000","1.33313800000000"
"17","Blk 925 Yishun Central 1","Y54M","CBM","North","103.83713400000000","1.42750100000000"
"18","Kampong Java Fringe Carpark at Halifax Road","K0118","URA","North","103.84534600000000","1.31179700000000"
"19","Blk 712A Ang Mo Kio Avenue 6","A53","HDB","North","103.84695700000000","1.37088200000000"
"20","Blk 514 Bishan Street 13","BE23","CBM","North","103.85025300000000","1.35046700000000"
"21","Blk 633 Ang Mo Kio Avenue 6","A69","HDB","North","103.84215000000000","1.38152000000000"
"22","33 Yio Chu Kang Road (Serangoon Sports Complex)","S28","URA","North-East","103.87572700000000","1.35586400000000"
"23","Blk 259 Compassvale Road","SK26","HDB","North-East","103.89656200000000","1.39353300000000"
"24","Blk 6A Boon Keng Road","BKRM","SP","North-East","103.86137600000000","1.31727700000000"
"25","Blk 220/222 Hougang Street 21","HG54","HDB","North-East","103.88488400000000","1.35691500000000"
"26","Blk 264 Serangoon Central","SE20","RCS","North-East","103.87208200000000","1.35224800000000"
"27","Blk 805 Hougang Central","HG47","RCS","North-East","103.89453800000000","1.37126600000000"
"28","Blk 410A Serangoon Central","SE28","HDB","North-East","103.87359600000000","1.34820600000000"
"29","800 Bukit Batok West Avenue 5 (Near Bukit Gombak Sports Complex)","B0039","URA","North-West","103.75233500000000","1.35913100000000"
"30","Blk 631 Bukit Batok Central","U39","HDB","North-West","103.75116200000000","1.34988900000000"
"31","Blk 621A Choa Chu Kang North 7","CK51","HDB","North-West","103.74757300000000","1.39963700000000"
"32","Blk 148A Mei Ling Street","Q86","HDB","West","103.80384800000000","1.29458300000000"
"33","Blk 322/324/326 Clementi Avenue 5","C11","HDB","West","103.76615100000000","1.31571800000000"
"34","Blk 52A Telok Blangah Drive","TBM6","HDB","West ","103.81107000000000","1.27323000000000"
"35","Blk 53A Strathmore Avenue","SMM","HDB","West","103.80736000000000","1.29373000000000"
"36","Delta Circus Fringe Carpark at Alexandra Road","D0028","URA","West","103.82506400000000","1.28969100000000"
"37","Blk 257A Boon Lay Drive","BL15","HDB","West","103.70756500000000","1.34598700000000"
"38","Blk 484-491 Jurong West Avenue 1","J45","HDB","West","103.72680000000000","1.34910800000000"
"39","Blk 8A Empress Road","FR3M","HDB","West","103.80618000000000","1.31671000000000"
"40","Blk 16A Ghim Moh Road","GM6B","HDB","West","103.78758000000000","1.30968000000000"
"41","Blk 78A Telok Blangah Street 32","TBM3","HDB","West ","103.80900000000000","1.27329000000000"
